Gene,Rank,Guide RNA,Score,GC %,PAM,Position,Off-target
CCR5,1,CCTCACTGCAAGCACTGCAT,90,55.0,GGG,2061,Low
CCR5,2,GATGGCCTCTGCTAAGCTCA,88,55.0,AGG,2308,Low
CCR5,3,GGATGCAGAGTCAGCAGAAC,88,55.0,TGG,2399,Low
CCR5,4,CTAAGCTCAAGGCGTGAGGA,87,55.0,TGG,2319,Low
CCR5,5,CCTGACAATCGATAGGTACC,85,50.0,TGG,719,Low
HBB,1,GCTCACCTGGACAACCTCAA,90,55.0,GGG,278,Low
HBB,2,GGCTCACCTGGACAACCTCA,86,60.0,AGG,277,Low
HBB,3,AAGGTGAACGTGGATGAAGT,81,45.0,TGG,101,Low
HBB,4,CATGGTGCATCTGACTCCTG,80,55.0,AGG,49,Medium
HBB,5,GTGAACGTGGATGAAGTTGG,80,50.0,TGG,104,Low
HTT,1,CCTGCCATGGACCTGAATGA,90,55.0,TGG,1780,Low
HTT,2,GACGCTGACAGAACTGCGAA,90,55.0,GGG,8316,Low
HTT,3,GGTGATGCTGTCTGGAAGTG,90,55.0,AGG,8730,Low
HTT,4,ATCGCTGGTCAAGCTGAGTG,90,55.0,TGG,8841,Low
HTT,5,AGCTGTGCTCACGCTGTATG,88,55.0,TGG,6108,Low
DMD,1,TGACCCAGAAGACGGAAGCA,88,55.0,TGG,2143,Low
DMD,2,AGGAGACCATGAGTGCCATC,88,55.0,AGG,3070,Low
DMD,3,TGGCTCTGCACTAGGCTGAA,88,55.0,TGG,3981,Low
DMD,4,CCATGAGTGCCATCAGGACA,87,55.0,TGG,3076,Low
DMD,5,CCTAACAGATGGCGGAGTCA,87,55.0,TGG,4223,Low
CFTR,1,TGCAAGTGGCACTCCTCATG,87,55.0,GGG,686,Low
CFTR,2,GCATACCAGCAGTGACTACA,85,50.0,TGG,2585,Low
CFTR,3,TGCAACAGTGCCAGTGATAG,85,50.0,TGG,3120,Low
CFTR,4,TTACAGGCGTCTGCCTTCTG,82,55.0,TGG,724,Low
CFTR,5,GGAGAACTGGAGCCTTCAGA,80,55.0,GGG,1486,Low
BRCA1,1,ACTGGCCAGTGATCCTCATG,90,55.0,AGG,1405,Low
BRCA1,2,GCGTCTCTGAAGACTGCTCA,86,55.0,GGG,4242,Medium
BRCA1,3,TGGCTCAGGGTTACCGAAGA,83,55.0,GGG,3705,Low
BRCA1,4,GGGAGTTGGTCTGAGTGACA,83,55.0,AGG,4105,Low
BRCA1,5,AGCAACAGCTGGAAGAGTCT,83,50.0,GGG,4719,Low
CEP290,1,ACTGGCTGAGGCTGATGCTA,90,55.0,GGG,1499,Low
CEP290,2,AACTGGCTGAGGCTGATGCT,87,55.0,AGG,1498,Low
CEP290,3,GGCTGAGAGAACAGCTGAAC,84,55.0,TGG,1481,Medium
CEP290,4,GACAGGAGCTCAGGGAATCT,83,55.0,CGG,2362,Low
CEP290,5,CTGAGTGAGGCTACTGCTCT,82,55.0,TGG,3849,Low
BCR,1,GCAGTCCATGACGGTGAAGA,90,55.0,AGG,2539,Low
BCR,2,AGAGCACGGACAGACTCATG,88,55.0,GGG,3426,Low
BCR,3,GACAACCTGATCGACGCCAA,87,55.0,TGG,1223,Low
BCR,4,GCACCGTCATCGCCATGAAT,87,55.0,GGG,3501,Low
BCR,5,CATGACTGACAGCTGGTCCT,87,55.0,TGG,4141,Low
